{
  "A": [
    1.1158791666273726,
    0.8324767947646757,
    0.6654177749829462,
    1.3601257677288912,
    1.2434083613788935,
    1.1253085674343268,
    0.5320229677854418,
    0.9817151644417837,
    1.0913332884930886,
    0.8390460880058176,
    0.591109889883352,
    0.5426248948275414,
    0.5296401813038798,
    0.889330095415352,
    1.1507573213346614,
    0.96858924488088,
    1.1498167925302023,
    0.9454949858517357,
    0.9003181369020476,
    1.1205253160158766
  ],
  "B": [
    0.894744409005134,
    0.7506411365303749,
    0.7258275755479019,
    0.6958310406205013,
    0.9839969859158508,
    1.0820836340021915,
    1.1400982973143152,
    0.987215016151712,
    0.7105263445042935,
    1.1297183336060188,
    0.733961750638692,
    1.1791409758796725,
    1.1781130027829394,
    0.9993324988377024,
    0.8499839582371971,
    0.9453716134309363,
    0.7400636696536438,
    0.8339860846005002,
    1.0415238865251097,
    1.019479268514838
  ],
  "C": [
    0.9416348541260449,
    0.7078895798530872,
    0.9801473231381457,
    0.5927004665181914,
    0.818756461087605,
    0.7609290321879879,
    1.1231201918770422,
    1.030749519816237,
    0.9985617011889094,
    0.9857312842436947,
    1.094752604767482,
    0.7891256662315617,
    0.8782250843886242,
    1.068821159626315,
    0.8511673176047411,
    0.7258979460826257,
    1.0244947199964618,
    0.9378395228424485,
    0.7591096970719458,
    1.199660012355652
  ],
  "D": [
    0.8819941462722907,
    0.5098883309796334,
    1.3299005462393216,
    0.9186916181151077,
    1.1015803338908174,
    0.37203747284446065,
    0.7516289050320297,
    0.7991075939712129,
    1.0912950083744182,
    1.090686920531246,
    0.9615963195378929,
    0.6989513951643623,
    0.9734659599704765,
    0.8177765438104392,
    0.9204929798972429,
    0.787156609602506,
    0.5761218075255704,
    0.8046493658658085,
    0.9851661626498888,
    0.9219736625946474
  ],
  "E": [
    0.8278765108892168,
    0.6322630501264934,
    0.6007809901276161,
    0.6890686073506911,
    0.8712218479089576,
    0.8561941320938993,
    0.6748009547819567,
    0.5281802549232492,
    0.6266197937448107,
    0.5407283432251009,
    0.9374012588970824,
    0.8620306989897064,
    0.5485482249074265,
    0.6144004019754903,
    0.9436447082413918,
    1.018461884538548,
    1.0087624353483493,
    0.8827039522585645,
    0.8296674283802725,
    0.9956334952226756
  ],
  "G": [
    0.33019749437784174,
    0.3881169926203122,
    0.48524953014190464,
    0.5038945153009298,
    0.6008779285175264,
    0.6894884272568257,
    0.668735505071894,
    0.5330931737878759,
    0.6590798807046818,
    1.0750823552826705,
    1.060132755813131,
    0.6793467482954816,
    0.6081836449589285,
    0.5860131307229663,
    0.7231102435064222,
    0.8341401478253478,
    0.7627024982143632,
    0.3217929068063964,
    0.5734547334152953,
    0.5787524626262563
  ]
}