{
  "mean_human_similarity": -0.006284574049065913,
  "mean_ai_similarity": 0.0004070720673499752,
  "n_human_pairs": 15,
  "n_ai_pairs": 21
}